,Incorrect Sentence,Correct Sentence,Proposed Edits
0,"राम कुनाल सीमा आदि खेल रहे हैं।
","राम, कुनाल, सीमा आदि खेल रहे हैं।
","[""Orig: [1, 1, []], Cor: [1, 2, [',']], Type: 'M:'"", ""Orig: [2, 2, []], Cor: [3, 4, [',']], Type: 'M:'""]"
1,"अमन क्‍या कर रहा है।
","अमन क्‍या कर रहा है?
","[""Orig: [5, 6, ['।']], Cor: [5, 6, ['?']], Type: 'R:'""]"
2,"दूर दूर बैठो।
","दूर-दूर बैठो।
","[""Orig: [0, 2, ['दूर', 'दूर']], Cor: [0, 1, ['दूर-दूर']], Type: 'R:'""]"
3,"राम यहाँ आओ।
","राम! यहाँ आओ।
","[""Orig: [1, 1, []], Cor: [1, 2, ['!']], Type: 'M:'""]"
4,"सेना ने कहा हम हमले करेंगे।
","सेना ने कहा, 'हम हमला करेंगे।'
","['Orig: [3, 3, []], Cor: [3, 5, [\',\', ""\'""]], Type: \'M:\'', ""Orig: [4, 5, ['हमले']], Cor: [6, 7, ['हमला']], Type: 'R:'""]"
5,रामसिंह तो मर गये।,रामसिंह तोमर गये।,"[""Orig: [1, 3, ['तो', 'मर']], Cor: [1, 2, ['तोमर']], Type: 'R:'""]"
