,Incorrect Sentence,Correct Sentence,Proposed Edits
0,"मोहन मेरा अनुज भाई है ।
","मोहन मेरा अनुज है ।
","[""Orig: [3, 4, ['भाई']], Cor: [3, 3, []], Type: 'U:'""]"
1,"बेकारी समस्या की दवाई हमारे पास है ।
","बेकारी समस्या का हल हमारे पास है ।
","[""Orig: [2, 3, ['की']], Cor: [2, 3, ['का']], Type: 'R:'"", ""Orig: [3, 4, ['दवाई']], Cor: [3, 4, ['हल']], Type: 'R:'""]"
2,"इस पुस्तक की यही अच्छाई है ।
","इस पुस्तक की यही विशेषता है ।
","[""Orig: [4, 5, ['अच्छाई']], Cor: [4, 5, ['विशेषता']], Type: 'R:'""]"
3,"राम और मोहन घोर मित्र है ।
","राम और मोहन घनिष्ट मित्र है ।
","[""Orig: [3, 4, ['घोर']], Cor: [3, 4, ['घनिष्ट']], Type: 'R:'""]"
4,मकड़ी जाला बुनते हुए बना रही है ।,"मकड़ी जाला बुन रही है ।
","[""Orig: [2, 5, ['बुनते', 'हुए', 'बना']], Cor: [2, 3, ['बुन']], Type: 'R:'""]"
